<?xml version="1.0" encoding="UTF-8"?>
<!--This is a Reload version 2.5.6 Content Package document-->
<!--Spawned from the Reload Content Package Generator - http://www.reload.ac.uk-->
<manifest xmlns="http://www.imsglobal.org/xsd/imscp_v1p1" xmlns:imsmd="http://www.imsglobal.org/xsd/imsmd_v1p2" xmlns:xsi="http://www.w3.org/2001/XMLSchema-instance" identifier="MANIFEST-B63EDBB39B1226CEFA1C9E440357B28E" xsi:schemaLocation="http://www.imsglobal.org/xsd/imscp_v1p1 imscp_v1p1.xsd http://www.imsglobal.org/xsd/imsmd_v1p2 imsmd_v1p2p4.xsd">
  <metadata>
    <schema>IMS Content</schema>
    <schemaversion>1.2.2</schemaversion>
  </metadata>
  <organizations default="ORG-CBCDA9EB6281B0F06C75FE0A32CCAC64">
    <organization identifier="ORG-CBCDA9EB6281B0F06C75FE0A32CCAC64" structure="hierarchical">
      <title>Organization</title>
      <item identifier="ITEM-85B53F58D47369981A209979B97C4E5F" isvisible="true">
        <title>TangramShapes</title>
        <item identifier="ITEM-54569ECEB107299833EC6A034742FD51" isvisible="true" identifierref="RES-18A725AB6E1B19105C8BFEF3FFDF590B">
          <title>Tangram shapes</title>
        </item>
      </item>
    </organization>
  </organizations>
  <resources>
    <resource identifier="RES-18A725AB6E1B19105C8BFEF3FFDF590B" type="webcontent" href="index.html">
      <file href="index.html" />
      <file href="css/template.css" />
    </resource>
  </resources>
</manifest>

