<?xml version="1.0" encoding="UTF-8"?>
<!--This is a Reload version 2.5.6 Content Package document-->
<!--Spawned from the Reload Content Package Generator - http://www.reload.ac.uk-->
<manifest xmlns="http://www.imsglobal.org/xsd/imscp_v1p1" xmlns:imsmd="http://www.imsglobal.org/xsd/imsmd_v1p2" xmlns:xsi="http://www.w3.org/2001/XMLSchema-instance" identifier="MANIFEST-1EB6B6CAEA3FA925D1B8A18EFA485CDC" xsi:schemaLocation="http://www.imsglobal.org/xsd/imscp_v1p1 imscp_v1p1.xsd http://www.imsglobal.org/xsd/imsmd_v1p2 imsmd_v1p2p4.xsd">
  <metadata>
    <schema>IMS Content</schema>
  </metadata>
  <organizations default="ORG-0F419F061259A01A4957BDCEC52BF287">
    <organization identifier="ORG-0F419F061259A01A4957BDCEC52BF287" structure="hierarchical">
      <title>Organization</title>
      <item identifier="ITEM-F5714378812AAC0CB31F743D5BDF4B90" isvisible="true">
        <title>Positional words</title>
        <item identifier="ITEM-8C8DC509F5F52E01EED8B6B2BD907D33" isvisible="true" identifierref="RES-CAED2B38EB7615C6BE3692969A775089">
          <title>Positional Words</title>
        </item>
      </item>
    </organization>
  </organizations>
  <resources>
    <resource identifier="RES-CAED2B38EB7615C6BE3692969A775089" type="webcontent" href="index.html">
      <file href="index.html" />
      <file href="css/main.css" />
    </resource>
  </resources>
</manifest>

