<?xml version="1.0" encoding="UTF-8"?>
<!--This is a Reload version 2.5.5 Content Package document-->
<!--Spawned from the Reload Content Package Generator - http://www.reload.ac.uk-->
<manifest xmlns="http://www.imsglobal.org/xsd/imscp_v1p1" xmlns:imsmd="http://www.imsglobal.org/xsd/imsmd_v1p2" xmlns:xsi="http://www.w3.org/2001/XMLSchema-instance" identifier="MANIFEST-64BBFDCC0C054A2EEC71BEAA2D2A871F" xsi:schemaLocation="http://www.imsglobal.org/xsd/imscp_v1p1 imscp_v1p1.xsd http://www.imsglobal.org/xsd/imsmd_v1p2 imsmd_v1p2p4.xsd">
  <metadata>
    <schema>IMS Content</schema>
    <schemaversion>1.2.2</schemaversion>
  </metadata>
  <organizations default="ORG-069037A58C4B34A0E5D29D52DF4C3FD0">
    <organization identifier="ORG-069037A58C4B34A0E5D29D52DF4C3FD0" structure="hierarchical">
      <title>Organization</title>
      <item identifier="ITEM-BC78AFE139DDD2EC6121DADB8C005E48" isvisible="true">
        <title>Fact grid</title>
        <item identifier="ITEM-C57E87EB3BDD84B0EFF99EE0EE9886FD" isvisible="true" identifierref="RES-75012D017E4EF3B2F9D260C418489AE1">
          <title>Fact grid</title>
        </item>
      </item>
    </organization>
  </organizations>
  <resources>
    <resource identifier="RES-75012D017E4EF3B2F9D260C418489AE1" type="webcontent" href="fact_grid.html">
      <file href="fact_grid.html" />
      <file href="css/style.css" />
    </resource>
  </resources>
</manifest>

