<?xml version="1.0" encoding="UTF-8"?>
<!--This is a Reload version 2.5.5 Content Package document-->
<!--Spawned from the Reload Content Package Generator - http://www.reload.ac.uk-->
<manifest xmlns="http://www.imsglobal.org/xsd/imscp_v1p1" xmlns:imsmd="http://www.imsglobal.org/xsd/imsmd_v1p2" xmlns:xsi="http://www.w3.org/2001/XMLSchema-instance" identifier="MANIFEST-B53E8BD5F8F2843A691002DDE66C892B" xsi:schemaLocation="http://www.imsglobal.org/xsd/imscp_v1p1 imscp_v1p1.xsd http://www.imsglobal.org/xsd/imsmd_v1p2 imsmd_v1p2p4.xsd">
  <metadata>
    <schema>IMS Content</schema>
    <schemaversion>1.2.2</schemaversion>
  </metadata>
  <organizations default="ORG-2F5A8122DF307021B3E575C9EF31AE75">
    <organization identifier="ORG-2F5A8122DF307021B3E575C9EF31AE75" structure="hierarchical">
      <title>Organization</title>
      <item identifier="ITEM-3D9FF8121E7EC4CD5F344BB83467E1BA" isvisible="true">
        <title>Whats_the_rule</title>
        <item identifier="ITEM-7402C0F9E15E47C4FDA070997D00CB7C" isvisible="true" identifierref="RES-CAD9607227809FFCB3C72271A0EB0724">
          <title>Patterns: What's the rule?</title>
        </item>
      </item>
    </organization>
  </organizations>
  <resources>
    <resource identifier="RES-CAD9607227809FFCB3C72271A0EB0724" type="webcontent" href="what_a_the_rule.html">
      <file href="what_a_the_rule.html" />
      <file href="css/style.css" />
    </resource>
  </resources>
</manifest>

