<?xml version="1.0" encoding="UTF-8"?>
<!--This is a Reload version 2.5.5 Content Package document-->
<!--Spawned from the Reload Content Package Generator - http://www.reload.ac.uk-->
<manifest xmlns="http://www.imsglobal.org/xsd/imscp_v1p1" xmlns:imsmd="http://www.imsglobal.org/xsd/imsmd_v1p2" xmlns:xsi="http://www.w3.org/2001/XMLSchema-instance" identifier="MANIFEST-CE7B020904CA16605B0AB3283E2C282D" xsi:schemaLocation="http://www.imsglobal.org/xsd/imscp_v1p1 imscp_v1p1.xsd http://www.imsglobal.org/xsd/imsmd_v1p2 imsmd_v1p2p4.xsd">
  <metadata>
    <schema>IMS Content</schema>
    <schemaversion>1.2.2</schemaversion>
  </metadata>
  <organizations default="ORG-10208D7B7FA49FE32D63B3166DE731B6">
    <organization identifier="ORG-10208D7B7FA49FE32D63B3166DE731B6" structure="hierarchical">
      <title>Organization</title>
      <item identifier="ITEM-F44CE0634EB0E6F873D22A1161749775" isvisible="true">
        <title>Old Mother Hubbard</title>
        <item identifier="ITEM-2A0A18CC256AB48CFAB8F64ED9D54AB8" isvisible="true" identifierref="RES-5547108DB7B1E4728269732D18C4F90D">
          <title>Old Mother Hubbard</title>
        </item>
      </item>
    </organization>
  </organizations>
  <resources>
    <resource identifier="RES-5547108DB7B1E4728269732D18C4F90D" type="webcontent" href="Old_mother_hubbard.html">
      <file href="Old_mother_hubbard.html" />
      <file href="fonts/fontstyle.css" />
    </resource>
  </resources>
</manifest>

