<?xml version="1.0" encoding="UTF-8"?>
<!--This is a Reload version 2.5.5 Content Package document-->
<!--Spawned from the Reload Content Package Generator - http://www.reload.ac.uk-->
<manifest xmlns="http://www.imsglobal.org/xsd/imscp_v1p1" xmlns:imsmd="http://www.imsglobal.org/xsd/imsmd_v1p2" xmlns:xsi="http://www.w3.org/2001/XMLSchema-instance" identifier="MANIFEST-E95D390F2D05803027C4316983259AA9" xsi:schemaLocation="http://www.imsglobal.org/xsd/imscp_v1p1 imscp_v1p1.xsd http://www.imsglobal.org/xsd/imsmd_v1p2 imsmd_v1p2p4.xsd">
  <metadata>
    <schema>IMS Content</schema>
    <schemaversion>1.2.2</schemaversion>
  </metadata>
  <organizations default="ORG-4A49238B953E5A83D16B33B494B4E857">
    <organization identifier="ORG-4A49238B953E5A83D16B33B494B4E857" structure="hierarchical">
      <title>Organization</title>
      <item identifier="ITEM-95ED31D27204F0667C523DD94196129B" isvisible="true">
        <title>more patterns</title>
        <item identifier="ITEM-6FD5B314A165973B1ACC264FB4CD53EB" isvisible="true" identifierref="RES-80A768088535B96D99405B62CCAEDF00">
          <title>Patterns: More patterns</title>
        </item>
      </item>
    </organization>
  </organizations>
  <resources>
    <resource identifier="RES-80A768088535B96D99405B62CCAEDF00" type="webcontent" href="more_patterns.html">
      <file href="more_patterns.html" />
      <file href="css/style.css" />
    </resource>
  </resources>
</manifest>

