<?xml version="1.0" encoding="UTF-8"?>
<!--This is a Reload version 2.5.5 Content Package document-->
<!--Spawned from the Reload Content Package Generator - http://www.reload.ac.uk-->
<manifest xmlns="http://www.imsglobal.org/xsd/imscp_v1p1" xmlns:imsmd="http://www.imsglobal.org/xsd/imsmd_v1p2" xmlns:xsi="http://www.w3.org/2001/XMLSchema-instance" identifier="MANIFEST-63A89FF4A80AD9E6F087DC1EB9238ACD" xsi:schemaLocation="http://www.imsglobal.org/xsd/imscp_v1p1 imscp_v1p1.xsd http://www.imsglobal.org/xsd/imsmd_v1p2 imsmd_v1p2p4.xsd">
  <metadata>
    <schema>IMS Content</schema>
    <schemaversion>1.2.2</schemaversion>
  </metadata>
  <organizations default="ORG-F0E7870ABA511EFB36AE2EF712E6C6BD">
    <organization identifier="ORG-F0E7870ABA511EFB36AE2EF712E6C6BD" structure="hierarchical">
      <title>Organization</title>
      <item identifier="ITEM-43B09CB0F58C00B037F926E7FD54ADC4" isvisible="true">
        <title>whats_the_pattern</title>
        <item identifier="ITEM-D2CB8DB48EE6F8777A1F0B5294900FAE" isvisible="true" identifierref="RES-F8AEB416CD698E11E0FC40A3BB3EC3DD">
          <title>What's the pattern</title>
        </item>
      </item>
    </organization>
  </organizations>
  <resources>
    <resource identifier="RES-F8AEB416CD698E11E0FC40A3BB3EC3DD" type="webcontent" href="whats_the_pattern.html">
      <file href="whats_the_pattern.html" />
      <file href="css/style.css" />
    </resource>
  </resources>
</manifest>

