<?xml version="1.0" encoding="UTF-8"?>
<!--This is a Reload version 2.5.5 Content Package document-->
<!--Spawned from the Reload Content Package Generator - http://www.reload.ac.uk-->
<manifest xmlns="http://www.imsglobal.org/xsd/imscp_v1p1" xmlns:imsmd="http://www.imsglobal.org/xsd/imsmd_v1p2" xmlns:xsi="http://www.w3.org/2001/XMLSchema-instance" identifier="MANIFEST-04E1E4A6FB7A1B94D6F3290CDF032DB7" xsi:schemaLocation="http://www.imsglobal.org/xsd/imscp_v1p1 imscp_v1p1.xsd http://www.imsglobal.org/xsd/imsmd_v1p2 imsmd_v1p2p4.xsd">
  <metadata>
    <schema>IMS Content</schema>
    <schemaversion>1.2.2</schemaversion>
  </metadata>
  <organizations default="ORG-7ECDABD9565A7F0B5105BFD8B646581C">
    <organization identifier="ORG-7ECDABD9565A7F0B5105BFD8B646581C" structure="hierarchical">
      <title>Organization</title>
      <item identifier="ITEM-7E523016B93C9B7811095BA91E138050" isvisible="true">
        <title>Subtraction (3)</title>
        <item identifier="ITEM-D112088020B0C2D6E0CF65278B27D206" isvisible="true" identifierref="RES-7433991D67C7F871389E4459F0C4426D">
          <title>Subtraction (3)</title>
        </item>
      </item>
    </organization>
  </organizations>
  <resources>
    <resource identifier="RES-7433991D67C7F871389E4459F0C4426D" type="webcontent" href="Subtraction%20(3).html">
      <file href="Subtraction%20(3).html" />
      <file href="css/style.css" />
    </resource>
  </resources>
</manifest>

