<?xml version="1.0" encoding="UTF-8"?>
<!--This is a Reload version 2.5.5 Content Package document-->
<!--Spawned from the Reload Content Package Generator - http://www.reload.ac.uk-->
<manifest xmlns="http://www.imsglobal.org/xsd/imscp_v1p1" xmlns:imsmd="http://www.imsglobal.org/xsd/imsmd_v1p2" xmlns:xsi="http://www.w3.org/2001/XMLSchema-instance" identifier="MANIFEST-3C7F587C16CCED9B8A66BEEE5960E0C0" xsi:schemaLocation="http://www.imsglobal.org/xsd/imscp_v1p1 imscp_v1p1.xsd http://www.imsglobal.org/xsd/imsmd_v1p2 imsmd_v1p2p4.xsd">
  <metadata>
    <schema>IMS Content</schema>
    <schemaversion>1.2.2</schemaversion>
  </metadata>
  <organizations default="ORG-8C986C4869723D18891D934B1112FCED">
    <organization identifier="ORG-8C986C4869723D18891D934B1112FCED" structure="hierarchical">
      <title>Organization</title>
      <item identifier="ITEM-EFF78DE1E14B4A3D71BE7DB9CF0DB50A" isvisible="true">
        <title>The Three Billy Goats Gruff</title>
        <item identifier="ITEM-D2D97CF424743D31B8F40853A116EEED" isvisible="true" identifierref="RES-F34D9F29350E5F76FB4B7C383828621A">
          <title>The Three Billy Goats Gruff</title>
        </item>
      </item>
    </organization>
  </organizations>
  <resources>
    <resource identifier="RES-F34D9F29350E5F76FB4B7C383828621A" type="webcontent" href="three_billy_goats.html">
      <file href="three_billy_goats.html" />
      <file href="css/styleSheet.css" />
    </resource>
  </resources>
</manifest>

