<?xml version="1.0" encoding="UTF-8"?>
<!--This is a Reload version 2.5.5 Content Package document-->
<!--Spawned from the Reload Content Package Generator - http://www.reload.ac.uk-->
<manifest xmlns="http://www.imsglobal.org/xsd/imscp_v1p1" xmlns:imsmd="http://www.imsglobal.org/xsd/imsmd_v1p2" xmlns:xsi="http://www.w3.org/2001/XMLSchema-instance" identifier="MANIFEST-9786195D7F71D03957430980BC496185" xsi:schemaLocation="http://www.imsglobal.org/xsd/imscp_v1p1 imscp_v1p1.xsd http://www.imsglobal.org/xsd/imsmd_v1p2 imsmd_v1p2p4.xsd">
  <metadata>
    <schema>IMS Content</schema>
    <schemaversion>1.2.2</schemaversion>
  </metadata>
  <organizations default="ORG-0AF584AEDC039651F2B233662EC84A98">
    <organization identifier="ORG-0AF584AEDC039651F2B233662EC84A98" structure="hierarchical">
      <title>Organization</title>
      <item identifier="ITEM-988D2E41733D91EC98E64832CE128AF4" isvisible="true">
        <title>Ration (2)</title>
        <item identifier="ITEM-D974BD9AAEBA46F83F49D2398AA56A31" isvisible="true" identifierref="RES-D960E6A39C3A128AB96943E53F4C25BB">
          <title>Ratio (2)</title>
        </item>
      </item>
    </organization>
  </organizations>
  <resources>
    <resource identifier="RES-D960E6A39C3A128AB96943E53F4C25BB" type="webcontent" href="ratio(2).html">
      <file href="ratio(2).html" />
      <file href="css/style.css" />
    </resource>
  </resources>
</manifest>

