<?xml version="1.0" encoding="UTF-8"?>
<!--This is a Reload version 2.5.5 Content Package document-->
<!--Spawned from the Reload Content Package Generator - http://www.reload.ac.uk-->
<manifest xmlns="http://www.imsglobal.org/xsd/imscp_v1p1" xmlns:imsmd="http://www.imsglobal.org/xsd/imsmd_v1p2" xmlns:xsi="http://www.w3.org/2001/XMLSchema-instance" identifier="MANIFEST-D537007FDB3078A928306DEE81F3C70E" xsi:schemaLocation="http://www.imsglobal.org/xsd/imscp_v1p1 imscp_v1p1.xsd http://www.imsglobal.org/xsd/imsmd_v1p2 imsmd_v1p2p4.xsd">
  <metadata>
    <schema>IMS Content</schema>
    <schemaversion>1.2.2</schemaversion>
  </metadata>
  <organizations default="ORG-C34B187BBC94331A94D775FC466A3AD9">
    <organization identifier="ORG-C34B187BBC94331A94D775FC466A3AD9" structure="hierarchical">
      <title>Organization</title>
      <item identifier="ITEM-A718D2B01E2F4D234A58A16ED26740C6" isvisible="true">
        <title>whats_a_hundredth</title>
        <item identifier="ITEM-37230B592476FDFFCE9401AC04BE71A4" isvisible="true" identifierref="RES-5C85C2088FD1700ADC2397951A065C00">
          <title>What's a hundredth?</title>
        </item>
      </item>
    </organization>
  </organizations>
  <resources>
    <resource identifier="RES-5C85C2088FD1700ADC2397951A065C00" type="webcontent" href="whats_a_hundredth.html">
      <file href="whats_a_hundredth.html" />
      <file href="js/script.js" />
      <file href="libs/jquery/jquery-1.12.3.min.js" />
    </resource>
  </resources>
</manifest>

