<?xml version="1.0" encoding="UTF-8"?>
<!--This is a Reload version 2.5.5 Content Package document-->
<!--Spawned from the Reload Content Package Generator - http://www.reload.ac.uk-->
<manifest xmlns="http://www.imsglobal.org/xsd/imscp_v1p1" xmlns:imsmd="http://www.imsglobal.org/xsd/imsmd_v1p2" xmlns:xsi="http://www.w3.org/2001/XMLSchema-instance" identifier="MANIFEST-FB29396A41A711A133AD2D8FB79E88C9" xsi:schemaLocation="http://www.imsglobal.org/xsd/imscp_v1p1 imscp_v1p1.xsd http://www.imsglobal.org/xsd/imsmd_v1p2 imsmd_v1p2p4.xsd">
  <metadata>
    <schema>IMS Content</schema>
    <schemaversion>1.2.2</schemaversion>
  </metadata>
  <organizations default="ORG-A63B0FA30A829AF88B29AE55344E5743">
    <organization identifier="ORG-A63B0FA30A829AF88B29AE55344E5743" structure="hierarchical">
      <title>Organization</title>
      <item identifier="ITEM-4AA5D19DD697FACE839B3C4D7CD0D947" isvisible="true">
        <title>Nets for 3-D shapes (2)</title>
        <item identifier="ITEM-AAFD7B788A40E48C8431CB87B4A9BACD" isvisible="true" identifierref="RES-1E52A3FCD57B5CE8E074E8A3CCA0111C">
          <title>Nets for 3-D shapes</title>
        </item>
      </item>
    </organization>
  </organizations>
  <resources>
    <resource identifier="RES-1E52A3FCD57B5CE8E074E8A3CCA0111C" type="webcontent" href="Nets%20for%203-D%20shapes%20(2).html">
      <file href="Nets%20for%203-D%20shapes%20(2).html" />
      <file href="css/style.css" />
      <file href="js/objs.js" />
      <file href="js/script.js" />
      <file href="libs/jquery/jquery-1.12.4.min.js" />
      <file href="libs/jquery/jquery-ui.min.js" />
      <file href="libs/jquery/jquery.ui.touch-punch.min.js" />
    </resource>
  </resources>
</manifest>

