<?xml version="1.0" encoding="UTF-8"?>
<!--This is a Reload version 2.5.6 Content Package document-->
<!--Spawned from the Reload Content Package Generator - http://www.reload.ac.uk-->
<manifest xmlns="http://www.imsglobal.org/xsd/imscp_v1p1" xmlns:imsmd="http://www.imsglobal.org/xsd/imsmd_v1p2" xmlns:xsi="http://www.w3.org/2001/XMLSchema-instance" identifier="MANIFEST-8B40B75A1E34A6AAF3D7C4AC86966EA6" xsi:schemaLocation="http://www.imsglobal.org/xsd/imscp_v1p1 imscp_v1p1.xsd http://www.imsglobal.org/xsd/imsmd_v1p2 imsmd_v1p2p4.xsd">
  <metadata>
    <schema>IMS Content</schema>
    <schemaversion>1.2.2</schemaversion>
  </metadata>
  <organizations default="ORG-6D3BBC75177BCA59E1018E1902D64342">
    <organization identifier="ORG-6D3BBC75177BCA59E1018E1902D64342" structure="hierarchical">
      <title>Organization</title>
      <item identifier="ITEM-693B4F10C796CFCA1751378CD4C5C4F8" isvisible="true">
        <title>Dice</title>
        <item identifier="ITEM-1EA9B98D9BF25353EA8992C90A15214F" isvisible="true" identifierref="RES-CAA55D63319F9B15D4DFBBEDB18835AA">
          <title>Dice</title>
        </item>
      </item>
    </organization>
  </organizations>
  <resources>
    <resource identifier="RES-CAA55D63319F9B15D4DFBBEDB18835AA" type="webcontent" href="Dice.html">
      <file href="Dice.html" />
      <file href="css/stylesheet.css" />
    </resource>
  </resources>
</manifest>

