<?xml version="1.0" encoding="UTF-8"?>
<!--This is a Reload version 2.5.5 Content Package document-->
<!--Spawned from the Reload Content Package Generator - http://www.reload.ac.uk-->
<manifest xmlns="http://www.imsglobal.org/xsd/imscp_v1p1" xmlns:imsmd="http://www.imsglobal.org/xsd/imsmd_v1p2" xmlns:xsi="http://www.w3.org/2001/XMLSchema-instance" identifier="MANIFEST-AC2E89DC5B61690EC47A4A47E3FEF143" xsi:schemaLocation="http://www.imsglobal.org/xsd/imscp_v1p1 imscp_v1p1.xsd http://www.imsglobal.org/xsd/imsmd_v1p2 imsmd_v1p2p4.xsd">
  <metadata>
    <schema>IMS Content</schema>
    <schemaversion>1.2.2</schemaversion>
  </metadata>
  <organizations default="ORG-BD8058DFFF924D00D631C6E7F4857F3E">
    <organization identifier="ORG-BD8058DFFF924D00D631C6E7F4857F3E" structure="hierarchical">
      <title>Organization</title>
      <item identifier="ITEM-4A16D4D1E75981E5DC86872CE195A34A" isvisible="true">
        <title>NumExpander</title>
      </item>
      <item identifier="ITEM-CCF35B52697EC13C8195B4F8CDF5C64A" isvisible="true" identifierref="RES-D068A8DAFE4A49A6AE5835E94084DD51">
        <title>Number Expander</title>
      </item>
    </organization>
  </organizations>
  <resources>
    <resource identifier="RES-D068A8DAFE4A49A6AE5835E94084DD51" type="webcontent" href="numberExpander.html">
      <file href="numberExpander.html" />
      <file href="css/numberExpander.css" />
    </resource>
  </resources>
</manifest>

