<?xml version="1.0" encoding="UTF-8"?>
<!--This is a Reload version 2.5.5 Content Package document-->
<!--Spawned from the Reload Content Package Generator - http://www.reload.ac.uk-->
<manifest xmlns="http://www.imsglobal.org/xsd/imscp_v1p1" xmlns:imsmd="http://www.imsglobal.org/xsd/imsmd_v1p2" xmlns:xsi="http://www.w3.org/2001/XMLSchema-instance" identifier="MANIFEST-FD4EDB9C6A409DA69E9DE2D4C22620E2" xsi:schemaLocation="http://www.imsglobal.org/xsd/imscp_v1p1 imscp_v1p1.xsd http://www.imsglobal.org/xsd/imsmd_v1p2 imsmd_v1p2p4.xsd">
  <metadata>
    <schema>IMS Content</schema>
    <schemaversion>1.2.2</schemaversion>
  </metadata>
  <organizations default="ORG-8BE5DF89D767349F2AC6E6450F89C923">
    <organization identifier="ORG-8BE5DF89D767349F2AC6E6450F89C923" structure="hierarchical">
      <title>Organization</title>
      <item identifier="ITEM-4D2490DC0B08DEE7806C7FE02DA261A0" isvisible="true">
        <title>measuring_angles(7)</title>
      </item>
      <item identifier="ITEM-77F45BC7FC3052594277A85DE756055A" isvisible="true" identifierref="RES-96D613DAEF9AFCC0263DB453EC01A20B">
        <title>Measuring angles (7)</title>
      </item>
    </organization>
  </organizations>
  <resources>
    <resource identifier="RES-96D613DAEF9AFCC0263DB453EC01A20B" type="webcontent" href="measuring_angles(7).html">
      <file href="measuring_angles(7).html" />
      <file href="css/style.css" />
    </resource>
  </resources>
</manifest>

