<?xml version="1.0" encoding="UTF-8"?>
<!--This is a Reload version 2.5.5 Content Package document-->
<!--Spawned from the Reload Content Package Generator - http://www.reload.ac.uk-->
<manifest xmlns="http://www.imsglobal.org/xsd/imscp_v1p1" xmlns:imsmd="http://www.imsglobal.org/xsd/imsmd_v1p2" xmlns:xsi="http://www.w3.org/2001/XMLSchema-instance" identifier="MANIFEST-FA006B30A6CD62AAC66C3FB7DC59C207" xsi:schemaLocation="http://www.imsglobal.org/xsd/imscp_v1p1 imscp_v1p1.xsd http://www.imsglobal.org/xsd/imsmd_v1p2 imsmd_v1p2p4.xsd">
  <metadata>
    <schema>IMS Content</schema>
    <schemaversion>1.2.2</schemaversion>
  </metadata>
  <organizations default="ORG-502BE7BE8BD4801FC0FB272D0EACE66F">
    <organization identifier="ORG-502BE7BE8BD4801FC0FB272D0EACE66F" structure="hierarchical">
      <title>Organization</title>
      <item identifier="ITEM-1ADCE0E28A3925DE534E4901177C9D03" isvisible="true">
        <title>Patterns Galore</title>
        <item identifier="ITEM-6F3659E0C1266D00272BCAD990C343E1" isvisible="true" identifierref="RES-204AB7EC891C51ABEF64FC14A67260D3">
          <title>Patterns galore</title>
        </item>
      </item>
    </organization>
  </organizations>
  <resources>
    <resource identifier="RES-204AB7EC891C51ABEF64FC14A67260D3" type="webcontent" href="patterns_galore.html">
      <file href="patterns_galore.html" />
      <file href="css/stylesheet.css" />
    </resource>
  </resources>
</manifest>

