<?xml version="1.0" encoding="UTF-8"?>
<!--This is a Reload version 2.5.5 Content Package document-->
<!--Spawned from the Reload Content Package Generator - http://www.reload.ac.uk-->
<manifest xmlns="http://www.imsglobal.org/xsd/imscp_v1p1" xmlns:imsmd="http://www.imsglobal.org/xsd/imsmd_v1p2" xmlns:xsi="http://www.w3.org/2001/XMLSchema-instance" identifier="MANIFEST-50AAFAB281E4CA98E9370F25C9FE8DF6" xsi:schemaLocation="http://www.imsglobal.org/xsd/imscp_v1p1 imscp_v1p1.xsd http://www.imsglobal.org/xsd/imsmd_v1p2 imsmd_v1p2p4.xsd">
  <metadata>
    <schema>IMS Content</schema>
    <schemaversion>1.2.2</schemaversion>
  </metadata>
  <organizations default="ORG-B6A7D0CD514194EE143EABE05B1D626B">
    <organization identifier="ORG-B6A7D0CD514194EE143EABE05B1D626B" structure="hierarchical">
      <title>Monkey_sit_tree</title>
      <item identifier="ITEM-4FF7F98CEADC14C07EEB1EE3D7BD07B0" isvisible="true" identifierref="RES-5D4B445438A4D101EA0D91FCD2956809">
        <title>Five little monkeys sitting in a tree</title>
      </item>
    </organization>
  </organizations>
  <resources>
    <resource identifier="RES-5D4B445438A4D101EA0D91FCD2956809" type="webcontent" href="monkeys_sit_tree.html">
      <file href="monkeys_sit_tree.html" />
      <file href="css/styleSheet.css" />
    </resource>
  </resources>
</manifest>

