<?xml version="1.0" encoding="UTF-8"?>
<!--This is a Reload version 2.5.5 Content Package document-->
<!--Spawned from the Reload Content Package Generator - http://www.reload.ac.uk-->
<manifest xmlns="http://www.imsglobal.org/xsd/imscp_v1p1" xmlns:imsmd="http://www.imsglobal.org/xsd/imsmd_v1p2" xmlns:xsi="http://www.w3.org/2001/XMLSchema-instance" identifier="MANIFEST-DC84FAD18B50C63F44AC1391050B4171" xsi:schemaLocation="http://www.imsglobal.org/xsd/imscp_v1p1 imscp_v1p1.xsd http://www.imsglobal.org/xsd/imsmd_v1p2 imsmd_v1p2p4.xsd">
  <metadata>
    <schema>IMS Content</schema>
    <schemaversion>1.2.2</schemaversion>
  </metadata>
  <organizations default="ORG-53E481DA039546D4F1463ACBDEFEFDC5">
    <organization identifier="ORG-53E481DA039546D4F1463ACBDEFEFDC5" structure="hierarchical">
      <title>Organization</title>
      <item identifier="ITEM-DEDF08137FB3B41457E4F2E5969BE639" isvisible="true">
        <title>Decimal fractions (1)</title>
      </item>
      <item identifier="ITEM-90AB65F65A468A4FCBC2D125213109BC" isvisible="true" identifierref="RES-C9D47D1A7934942BB16A5E1728F05641">
        <title>Decimal fractions (1)</title>
      </item>
    </organization>
  </organizations>
  <resources>
    <resource identifier="RES-C9D47D1A7934942BB16A5E1728F05641" type="webcontent" href="DecimalFractions(1).html">
      <file href="DecimalFractions(1).html" />
      <file href="css/style.css" />
    </resource>
  </resources>
</manifest>

