<?xml version="1.0" encoding="UTF-8"?>
<!--This is a Reload version 2.5.5 Content Package document-->
<!--Spawned from the Reload Content Package Generator - http://www.reload.ac.uk-->
<manifest xmlns="http://www.imsglobal.org/xsd/imscp_v1p1" xmlns:imsmd="http://www.imsglobal.org/xsd/imsmd_v1p2" xmlns:xsi="http://www.w3.org/2001/XMLSchema-instance" identifier="MANIFEST-D3E36CB5BACFA0196CB88C60D5A8F40E" xsi:schemaLocation="http://www.imsglobal.org/xsd/imscp_v1p1 imscp_v1p1.xsd http://www.imsglobal.org/xsd/imsmd_v1p2 imsmd_v1p2p4.xsd">
  <metadata>
    <schema>IMS Content</schema>
    <schemaversion>1.2.2</schemaversion>
  </metadata>
  <organizations default="ORG-D9EB5C58C896A09A8BEC36E8C2B5DA71">
    <organization identifier="ORG-D9EB5C58C896A09A8BEC36E8C2B5DA71" structure="hierarchical">
      <title>Organization</title>
      <item identifier="ITEM-4C62822DAE713ABC3973DF33B40D3F50" isvisible="true">
        <title>Number_Slider</title>
        <item identifier="ITEM-A5D3E3D26B3F4CB4E080E3D5BAD27FC5" isvisible="true" identifierref="RES-CBCDCE622D76AA4977328FECC7677B56">
          <title>Number_Slider</title>
        </item>
      </item>
    </organization>
  </organizations>
  <resources>
    <resource identifier="RES-CBCDCE622D76AA4977328FECC7677B56" type="webcontent" href="Number_Slider.html">
      <file href="Number_Slider.html" />
      <file href="css/mainStyle.css" />
    </resource>
  </resources>
</manifest>

