<?xml version="1.0" encoding="UTF-8"?>
<!--This is a Reload version 2.5.5 Content Package document-->
<!--Spawned from the Reload Content Package Generator - http://www.reload.ac.uk-->
<manifest xmlns="http://www.imsglobal.org/xsd/imscp_v1p1" xmlns:imsmd="http://www.imsglobal.org/xsd/imsmd_v1p2" xmlns:xsi="http://www.w3.org/2001/XMLSchema-instance" identifier="MANIFEST-471501021C5AAA43A0A63CF23DF44772" xsi:schemaLocation="http://www.imsglobal.org/xsd/imscp_v1p1 imscp_v1p1.xsd http://www.imsglobal.org/xsd/imsmd_v1p2 imsmd_v1p2p4.xsd">
  <metadata>
    <schema>IMS Content</schema>
    <schemaversion>1.2.2</schemaversion>
  </metadata>
  <organizations default="ORG-BA143B291C84A404DE6745F9B8331E82">
    <organization identifier="ORG-BA143B291C84A404DE6745F9B8331E82" structure="hierarchical">
      <title>Organization</title>
      <item identifier="ITEM-467D16BA54EA968A8A79E0DA1EBBE787" isvisible="true">
        <title>Counting in Tenth</title>
        <item identifier="ITEM-CC53099E4B2796CBC09B03D05EFCA8CB" isvisible="true" identifierref="RES-32F89E9F96A85F43858864620F7D1085">
          <title>Counting in tenths</title>
        </item>
      </item>
    </organization>
  </organizations>
  <resources>
    <resource identifier="RES-32F89E9F96A85F43858864620F7D1085" type="webcontent" href="CountingInTenths.html">
      <file href="CountingInTenths.html" />
      <file href="css/style.css" />
    </resource>
  </resources>
</manifest>

